execution_order_index,repetition_index,case,condition,condition_label,status,source,duration_seconds,agent_api_calls,generated_hlaf_call_count,unique_hlaf_function_count,input_tokens,output_tokens,reasoning_tokens,total_tokens,output_directory
1,1,No_Open,1_Framing_Order_HLAFs_Human_Knowledge_Design,Framing Order + HLAFs + Human Knowledge + Design Info,success,executed_this_invocation,65.587027,1,48,8,28310,6443,4160,34753,No_Open/1_Framing_Order_HLAFs_Human_Knowledge_Design/Run_001
2,1,No_Open,2_HLAFs_Design_Info_With_Sample,HLAFs + Design Info + Worked Sample,success,executed_this_invocation,85.711981,1,48,8,32243,13589,11200,45832,No_Open/2_HLAFs_Design_Info_With_Sample/Run_001
3,1,1_Door,1_Framing_Order_HLAFs_Human_Knowledge_Design,Framing Order + HLAFs + Human Knowledge + Design Info,success,executed_this_invocation,114.253001,1,54,12,28496,11993,9280,40489,1_Door/1_Framing_Order_HLAFs_Human_Knowledge_Design/Run_001
4,1,1_Door,2_HLAFs_Design_Info_With_Sample,HLAFs + Design Info + Worked Sample,success,executed_this_invocation,107.615762,1,56,17,32429,11462,8576,43891,1_Door/2_HLAFs_Design_Info_With_Sample/Run_001
5,1,1_Door_1_Window,1_Framing_Order_HLAFs_Human_Knowledge_Design,Framing Order + HLAFs + Human Knowledge + Design Info,success,executed_this_invocation,229.939599,1,80,17,29050,21062,17152,50112,1_Door_1_Window/1_Framing_Order_HLAFs_Human_Knowledge_Design/Run_001
6,1,1_Door_1_Window,2_HLAFs_Design_Info_With_Sample,HLAFs + Design Info + Worked Sample,success,executed_this_invocation,138.41711,1,76,24,32983,15534,11968,48517,1_Door_1_Window/2_HLAFs_Design_Info_With_Sample/Run_001
7,2,No_Open,1_Framing_Order_HLAFs_Human_Knowledge_Design,Framing Order + HLAFs + Human Knowledge + Design Info,success,executed_this_invocation,107.810592,1,48,10,28310,10389,8064,38699,No_Open/1_Framing_Order_HLAFs_Human_Knowledge_Design/Run_002
8,2,No_Open,2_HLAFs_Design_Info_With_Sample,HLAFs + Design Info + Worked Sample,success,executed_this_invocation,54.82716,1,48,8,32243,6021,3648,38264,No_Open/2_HLAFs_Design_Info_With_Sample/Run_002
9,2,1_Door,1_Framing_Order_HLAFs_Human_Knowledge_Design,Framing Order + HLAFs + Human Knowledge + Design Info,success,executed_this_invocation,196.264544,1,54,12,28496,17128,14336,45624,1_Door/1_Framing_Order_HLAFs_Human_Knowledge_Design/Run_002
10,2,1_Door,2_HLAFs_Design_Info_With_Sample,HLAFs + Design Info + Worked Sample,success,executed_this_invocation,106.026532,1,56,17,32429,10913,8000,43342,1_Door/2_HLAFs_Design_Info_With_Sample/Run_002
11,2,1_Door_1_Window,1_Framing_Order_HLAFs_Human_Knowledge_Design,Framing Order + HLAFs + Human Knowledge + Design Info,success,executed_this_invocation,205.803405,1,76,18,29050,17357,13568,46407,1_Door_1_Window/1_Framing_Order_HLAFs_Human_Knowledge_Design/Run_002
12,2,1_Door_1_Window,2_HLAFs_Design_Info_With_Sample,HLAFs + Design Info + Worked Sample,success,executed_this_invocation,106.001884,1,76,24,32983,11846,8128,44829,1_Door_1_Window/2_HLAFs_Design_Info_With_Sample/Run_002
13,3,No_Open,1_Framing_Order_HLAFs_Human_Knowledge_Design,Framing Order + HLAFs + Human Knowledge + Design Info,success,executed_this_invocation,131.540254,1,48,10,28310,14603,12160,42913,No_Open/1_Framing_Order_HLAFs_Human_Knowledge_Design/Run_003
14,3,No_Open,2_HLAFs_Design_Info_With_Sample,HLAFs + Design Info + Worked Sample,success,executed_this_invocation,81.534705,1,48,10,32243,8204,5824,40447,No_Open/2_HLAFs_Design_Info_With_Sample/Run_003
15,3,1_Door,1_Framing_Order_HLAFs_Human_Knowledge_Design,Framing Order + HLAFs + Human Knowledge + Design Info,success,executed_this_invocation,159.011589,1,54,15,28496,13255,10624,41751,1_Door/1_Framing_Order_HLAFs_Human_Knowledge_Design/Run_003
16,3,1_Door,2_HLAFs_Design_Info_With_Sample,HLAFs + Design Info + Worked Sample,success,executed_this_invocation,118.338149,1,56,17,32429,12306,9472,44735,1_Door/2_HLAFs_Design_Info_With_Sample/Run_003
17,3,1_Door_1_Window,1_Framing_Order_HLAFs_Human_Knowledge_Design,Framing Order + HLAFs + Human Knowledge + Design Info,success,executed_this_invocation,555.346921,1,74,19,29050,24793,21120,53843,1_Door_1_Window/1_Framing_Order_HLAFs_Human_Knowledge_Design/Run_003
18,3,1_Door_1_Window,2_HLAFs_Design_Info_With_Sample,HLAFs + Design Info + Worked Sample,success,executed_this_invocation,78.274989,1,76,24,32983,9658,5824,42641,1_Door_1_Window/2_HLAFs_Design_Info_With_Sample/Run_003
19,4,No_Open,1_Framing_Order_HLAFs_Human_Knowledge_Design,Framing Order + HLAFs + Human Knowledge + Design Info,success,executed_this_invocation,67.282955,1,35,8,28310,7176,5248,35486,No_Open/1_Framing_Order_HLAFs_Human_Knowledge_Design/Run_004
20,4,No_Open,2_HLAFs_Design_Info_With_Sample,HLAFs + Design Info + Worked Sample,success,executed_this_invocation,64.3957,1,48,10,32243,8563,6144,40806,No_Open/2_HLAFs_Design_Info_With_Sample/Run_004
21,4,1_Door,1_Framing_Order_HLAFs_Human_Knowledge_Design,Framing Order + HLAFs + Human Knowledge + Design Info,success,executed_this_invocation,199.695315,1,56,17,28496,17517,14720,46013,1_Door/1_Framing_Order_HLAFs_Human_Knowledge_Design/Run_004
22,4,1_Door,2_HLAFs_Design_Info_With_Sample,HLAFs + Design Info + Worked Sample,success,executed_this_invocation,157.142488,1,56,17,32429,18541,15744,50970,1_Door/2_HLAFs_Design_Info_With_Sample/Run_004
23,4,1_Door_1_Window,1_Framing_Order_HLAFs_Human_Knowledge_Design,Framing Order + HLAFs + Human Knowledge + Design Info,success,executed_this_invocation,170.52934,1,76,14,29050,18759,14720,47809,1_Door_1_Window/1_Framing_Order_HLAFs_Human_Knowledge_Design/Run_004
24,4,1_Door_1_Window,2_HLAFs_Design_Info_With_Sample,HLAFs + Design Info + Worked Sample,success,executed_this_invocation,134.693688,1,76,24,32983,12570,8704,45553,1_Door_1_Window/2_HLAFs_Design_Info_With_Sample/Run_004
25,5,No_Open,1_Framing_Order_HLAFs_Human_Knowledge_Design,Framing Order + HLAFs + Human Knowledge + Design Info,success,executed_this_invocation,74.74783,1,48,9,28310,7773,5376,36083,No_Open/1_Framing_Order_HLAFs_Human_Knowledge_Design/Run_005
26,5,No_Open,2_HLAFs_Design_Info_With_Sample,HLAFs + Design Info + Worked Sample,success,executed_this_invocation,69.577244,1,48,10,32243,9649,7360,41892,No_Open/2_HLAFs_Design_Info_With_Sample/Run_005
27,5,1_Door,1_Framing_Order_HLAFs_Human_Knowledge_Design,Framing Order + HLAFs + Human Knowledge + Design Info,success,executed_this_invocation,143.566682,1,54,14,28496,17275,14528,45771,1_Door/1_Framing_Order_HLAFs_Human_Knowledge_Design/Run_005
28,5,1_Door,2_HLAFs_Design_Info_With_Sample,HLAFs + Design Info + Worked Sample,success,executed_this_invocation,70.210989,1,44,17,32429,8953,6848,41382,1_Door/2_HLAFs_Design_Info_With_Sample/Run_005
29,5,1_Door_1_Window,1_Framing_Order_HLAFs_Human_Knowledge_Design,Framing Order + HLAFs + Human Knowledge + Design Info,success,executed_this_invocation,253.230964,1,74,17,29050,25390,21632,54440,1_Door_1_Window/1_Framing_Order_HLAFs_Human_Knowledge_Design/Run_005
30,5,1_Door_1_Window,2_HLAFs_Design_Info_With_Sample,HLAFs + Design Info + Worked Sample,success,executed_this_invocation,142.99028,1,76,24,32983,18112,14464,51095,1_Door_1_Window/2_HLAFs_Design_Info_With_Sample/Run_005
31,6,No_Open,1_Framing_Order_HLAFs_Human_Knowledge_Design,Framing Order + HLAFs + Human Knowledge + Design Info,success,executed_this_invocation,76.57906,1,48,10,28310,8505,6016,36815,No_Open/1_Framing_Order_HLAFs_Human_Knowledge_Design/Run_006
32,6,No_Open,2_HLAFs_Design_Info_With_Sample,HLAFs + Design Info + Worked Sample,success,executed_this_invocation,73.771069,1,48,10,32243,10962,8448,43205,No_Open/2_HLAFs_Design_Info_With_Sample/Run_006
33,6,1_Door,1_Framing_Order_HLAFs_Human_Knowledge_Design,Framing Order + HLAFs + Human Knowledge + Design Info,success,executed_this_invocation,121.641225,1,56,17,28496,13926,10752,42422,1_Door/1_Framing_Order_HLAFs_Human_Knowledge_Design/Run_006
34,6,1_Door,2_HLAFs_Design_Info_With_Sample,HLAFs + Design Info + Worked Sample,success,executed_this_invocation,133.917391,1,56,17,32429,17332,14464,49761,1_Door/2_HLAFs_Design_Info_With_Sample/Run_006
35,6,1_Door_1_Window,1_Framing_Order_HLAFs_Human_Knowledge_Design,Framing Order + HLAFs + Human Knowledge + Design Info,success,executed_this_invocation,237.99729,1,74,17,29050,26193,22400,55243,1_Door_1_Window/1_Framing_Order_HLAFs_Human_Knowledge_Design/Run_006
36,6,1_Door_1_Window,2_HLAFs_Design_Info_With_Sample,HLAFs + Design Info + Worked Sample,success,executed_this_invocation,127.937868,1,76,24,32983,16981,13056,49964,1_Door_1_Window/2_HLAFs_Design_Info_With_Sample/Run_006
37,7,No_Open,1_Framing_Order_HLAFs_Human_Knowledge_Design,Framing Order + HLAFs + Human Knowledge + Design Info,success,executed_this_invocation,168.749235,1,48,10,28310,12141,9344,40451,No_Open/1_Framing_Order_HLAFs_Human_Knowledge_Design/Run_007
38,7,No_Open,2_HLAFs_Design_Info_With_Sample,HLAFs + Design Info + Worked Sample,success,executed_this_invocation,77.063243,1,48,8,32243,9151,6592,41394,No_Open/2_HLAFs_Design_Info_With_Sample/Run_007
39,7,1_Door,1_Framing_Order_HLAFs_Human_Knowledge_Design,Framing Order + HLAFs + Human Knowledge + Design Info,success,executed_this_invocation,143.715252,1,54,15,28496,14522,11776,43018,1_Door/1_Framing_Order_HLAFs_Human_Knowledge_Design/Run_007
40,7,1_Door,2_HLAFs_Design_Info_With_Sample,HLAFs + Design Info + Worked Sample,success,executed_this_invocation,179.87945,1,56,17,32429,20714,17792,53143,1_Door/2_HLAFs_Design_Info_With_Sample/Run_007
41,7,1_Door_1_Window,1_Framing_Order_HLAFs_Human_Knowledge_Design,Framing Order + HLAFs + Human Knowledge + Design Info,success,executed_this_invocation,215.305978,1,76,17,29050,22435,18432,51485,1_Door_1_Window/1_Framing_Order_HLAFs_Human_Knowledge_Design/Run_007
42,7,1_Door_1_Window,2_HLAFs_Design_Info_With_Sample,HLAFs + Design Info + Worked Sample,success,executed_this_invocation,94.924715,1,76,24,32983,10409,6720,43392,1_Door_1_Window/2_HLAFs_Design_Info_With_Sample/Run_007
43,8,No_Open,1_Framing_Order_HLAFs_Human_Knowledge_Design,Framing Order + HLAFs + Human Knowledge + Design Info,success,executed_this_invocation,108.797996,1,48,8,28310,9874,7424,38184,No_Open/1_Framing_Order_HLAFs_Human_Knowledge_Design/Run_008
44,8,No_Open,2_HLAFs_Design_Info_With_Sample,HLAFs + Design Info + Worked Sample,success,executed_this_invocation,81.514279,1,48,10,32243,9885,7552,42128,No_Open/2_HLAFs_Design_Info_With_Sample/Run_008
45,8,1_Door,1_Framing_Order_HLAFs_Human_Knowledge_Design,Framing Order + HLAFs + Human Knowledge + Design Info,success,executed_this_invocation,231.621571,1,55,15,28496,17343,14208,45839,1_Door/1_Framing_Order_HLAFs_Human_Knowledge_Design/Run_008
46,8,1_Door,2_HLAFs_Design_Info_With_Sample,HLAFs + Design Info + Worked Sample,success,executed_this_invocation,124.712999,1,56,17,32429,11380,8384,43809,1_Door/2_HLAFs_Design_Info_With_Sample/Run_008
47,8,1_Door_1_Window,1_Framing_Order_HLAFs_Human_Knowledge_Design,Framing Order + HLAFs + Human Knowledge + Design Info,success,executed_this_invocation,215.845122,1,76,17,29050,19810,15808,48860,1_Door_1_Window/1_Framing_Order_HLAFs_Human_Knowledge_Design/Run_008
48,8,1_Door_1_Window,2_HLAFs_Design_Info_With_Sample,HLAFs + Design Info + Worked Sample,success,executed_this_invocation,141.076512,1,76,24,32983,14728,11072,47711,1_Door_1_Window/2_HLAFs_Design_Info_With_Sample/Run_008
49,9,No_Open,1_Framing_Order_HLAFs_Human_Knowledge_Design,Framing Order + HLAFs + Human Knowledge + Design Info,success,executed_this_invocation,165.163795,1,48,11,28310,15145,12416,43455,No_Open/1_Framing_Order_HLAFs_Human_Knowledge_Design/Run_009
50,9,No_Open,2_HLAFs_Design_Info_With_Sample,HLAFs + Design Info + Worked Sample,success,executed_this_invocation,64.771328,1,48,10,32243,8119,5824,40362,No_Open/2_HLAFs_Design_Info_With_Sample/Run_009
51,9,1_Door,1_Framing_Order_HLAFs_Human_Knowledge_Design,Framing Order + HLAFs + Human Knowledge + Design Info,success,executed_this_invocation,182.208597,1,59,17,28496,15314,12544,43810,1_Door/1_Framing_Order_HLAFs_Human_Knowledge_Design/Run_009
52,9,1_Door,2_HLAFs_Design_Info_With_Sample,HLAFs + Design Info + Worked Sample,success,executed_this_invocation,137.132046,1,56,17,32429,11799,8896,44228,1_Door/2_HLAFs_Design_Info_With_Sample/Run_009
53,9,1_Door_1_Window,1_Framing_Order_HLAFs_Human_Knowledge_Design,Framing Order + HLAFs + Human Knowledge + Design Info,success,executed_this_invocation,186.549609,1,77,25,29050,15445,11584,44495,1_Door_1_Window/1_Framing_Order_HLAFs_Human_Knowledge_Design/Run_009
54,9,1_Door_1_Window,2_HLAFs_Design_Info_With_Sample,HLAFs + Design Info + Worked Sample,success,executed_this_invocation,155.785286,1,76,24,32983,16533,12800,49516,1_Door_1_Window/2_HLAFs_Design_Info_With_Sample/Run_009
55,10,No_Open,1_Framing_Order_HLAFs_Human_Knowledge_Design,Framing Order + HLAFs + Human Knowledge + Design Info,success,executed_this_invocation,112.509106,1,48,10,28310,8773,6208,37083,No_Open/1_Framing_Order_HLAFs_Human_Knowledge_Design/Run_010
56,10,No_Open,2_HLAFs_Design_Info_With_Sample,HLAFs + Design Info + Worked Sample,success,executed_this_invocation,102.964335,1,48,10,32243,11401,9088,43644,No_Open/2_HLAFs_Design_Info_With_Sample/Run_010
57,10,1_Door,1_Framing_Order_HLAFs_Human_Knowledge_Design,Framing Order + HLAFs + Human Knowledge + Design Info,success,executed_this_invocation,151.216167,1,55,11,28496,11278,8576,39774,1_Door/1_Framing_Order_HLAFs_Human_Knowledge_Design/Run_010
58,10,1_Door,2_HLAFs_Design_Info_With_Sample,HLAFs + Design Info + Worked Sample,success,executed_this_invocation,118.443451,1,56,17,32429,10900,8320,43329,1_Door/2_HLAFs_Design_Info_With_Sample/Run_010
59,10,1_Door_1_Window,1_Framing_Order_HLAFs_Human_Knowledge_Design,Framing Order + HLAFs + Human Knowledge + Design Info,success,executed_this_invocation,151.261839,1,76,24,29050,14169,10368,43219,1_Door_1_Window/1_Framing_Order_HLAFs_Human_Knowledge_Design/Run_010
60,10,1_Door_1_Window,2_HLAFs_Design_Info_With_Sample,HLAFs + Design Info + Worked Sample,success,executed_this_invocation,89.411379,1,76,24,32983,8843,4992,41826,1_Door_1_Window/2_HLAFs_Design_Info_With_Sample/Run_010
61,11,No_Open,1_Framing_Order_HLAFs_Human_Knowledge_Design,Framing Order + HLAFs + Human Knowledge + Design Info,success,executed_this_invocation,118.409677,1,48,10,28310,11123,8640,39433,No_Open/1_Framing_Order_HLAFs_Human_Knowledge_Design/Run_011
62,11,No_Open,2_HLAFs_Design_Info_With_Sample,HLAFs + Design Info + Worked Sample,success,executed_this_invocation,80.128988,1,48,10,32243,8938,6592,41181,No_Open/2_HLAFs_Design_Info_With_Sample/Run_011
63,11,1_Door,1_Framing_Order_HLAFs_Human_Knowledge_Design,Framing Order + HLAFs + Human Knowledge + Design Info,success,executed_this_invocation,125.561822,1,60,13,28496,12553,9472,41049,1_Door/1_Framing_Order_HLAFs_Human_Knowledge_Design/Run_011
64,11,1_Door,2_HLAFs_Design_Info_With_Sample,HLAFs + Design Info + Worked Sample,success,executed_this_invocation,160.287258,1,56,17,32429,18137,15360,50566,1_Door/2_HLAFs_Design_Info_With_Sample/Run_011
65,11,1_Door_1_Window,1_Framing_Order_HLAFs_Human_Knowledge_Design,Framing Order + HLAFs + Human Knowledge + Design Info,success,executed_this_invocation,214.339708,1,83,23,29050,21233,17088,50283,1_Door_1_Window/1_Framing_Order_HLAFs_Human_Knowledge_Design/Run_011
66,11,1_Door_1_Window,2_HLAFs_Design_Info_With_Sample,HLAFs + Design Info + Worked Sample,success,executed_this_invocation,90.53388,1,76,24,32983,10122,6336,43105,1_Door_1_Window/2_HLAFs_Design_Info_With_Sample/Run_011
67,12,No_Open,1_Framing_Order_HLAFs_Human_Knowledge_Design,Framing Order + HLAFs + Human Knowledge + Design Info,success,executed_this_invocation,110.359922,1,48,8,28310,9835,7360,38145,No_Open/1_Framing_Order_HLAFs_Human_Knowledge_Design/Run_012
68,12,No_Open,2_HLAFs_Design_Info_With_Sample,HLAFs + Design Info + Worked Sample,success,executed_this_invocation,86.43048,1,48,10,32243,9438,6976,41681,No_Open/2_HLAFs_Design_Info_With_Sample/Run_012
69,12,1_Door,1_Framing_Order_HLAFs_Human_Knowledge_Design,Framing Order + HLAFs + Human Knowledge + Design Info,success,executed_this_invocation,163.428168,1,54,11,28496,14797,11840,43293,1_Door/1_Framing_Order_HLAFs_Human_Knowledge_Design/Run_012
70,12,1_Door,2_HLAFs_Design_Info_With_Sample,HLAFs + Design Info + Worked Sample,success,executed_this_invocation,224.618001,1,56,17,32429,15100,12352,47529,1_Door/2_HLAFs_Design_Info_With_Sample/Run_012
71,12,1_Door_1_Window,1_Framing_Order_HLAFs_Human_Knowledge_Design,Framing Order + HLAFs + Human Knowledge + Design Info,success,executed_this_invocation,188.961904,1,77,26,29050,16948,13248,45998,1_Door_1_Window/1_Framing_Order_HLAFs_Human_Knowledge_Design/Run_012
72,12,1_Door_1_Window,2_HLAFs_Design_Info_With_Sample,HLAFs + Design Info + Worked Sample,success,executed_this_invocation,100.249192,1,76,24,32983,13197,9408,46180,1_Door_1_Window/2_HLAFs_Design_Info_With_Sample/Run_012
73,13,No_Open,1_Framing_Order_HLAFs_Human_Knowledge_Design,Framing Order + HLAFs + Human Knowledge + Design Info,success,executed_this_invocation,138.328209,1,48,10,28310,17006,14528,45316,No_Open/1_Framing_Order_HLAFs_Human_Knowledge_Design/Run_013
74,13,No_Open,2_HLAFs_Design_Info_With_Sample,HLAFs + Design Info + Worked Sample,success,executed_this_invocation,57.26441,1,48,8,32243,6397,4096,38640,No_Open/2_HLAFs_Design_Info_With_Sample/Run_013
75,13,1_Door,1_Framing_Order_HLAFs_Human_Knowledge_Design,Framing Order + HLAFs + Human Knowledge + Design Info,success,executed_this_invocation,222.498185,1,54,11,28496,20401,17600,48897,1_Door/1_Framing_Order_HLAFs_Human_Knowledge_Design/Run_013
76,13,1_Door,2_HLAFs_Design_Info_With_Sample,HLAFs + Design Info + Worked Sample,success,executed_this_invocation,93.367204,1,56,17,32429,10856,8000,43285,1_Door/2_HLAFs_Design_Info_With_Sample/Run_013
77,13,1_Door_1_Window,1_Framing_Order_HLAFs_Human_Knowledge_Design,Framing Order + HLAFs + Human Knowledge + Design Info,success,executed_this_invocation,110.482975,1,49,15,29050,11728,9088,40778,1_Door_1_Window/1_Framing_Order_HLAFs_Human_Knowledge_Design/Run_013
78,13,1_Door_1_Window,2_HLAFs_Design_Info_With_Sample,HLAFs + Design Info + Worked Sample,success,executed_this_invocation,80.713673,1,76,24,32983,8495,4608,41478,1_Door_1_Window/2_HLAFs_Design_Info_With_Sample/Run_013
79,14,No_Open,1_Framing_Order_HLAFs_Human_Knowledge_Design,Framing Order + HLAFs + Human Knowledge + Design Info,success,executed_this_invocation,131.526729,1,48,8,28310,14146,11776,42456,No_Open/1_Framing_Order_HLAFs_Human_Knowledge_Design/Run_014
80,14,No_Open,2_HLAFs_Design_Info_With_Sample,HLAFs + Design Info + Worked Sample,success,executed_this_invocation,74.541905,1,48,10,32243,13143,10752,45386,No_Open/2_HLAFs_Design_Info_With_Sample/Run_014
81,14,1_Door,1_Framing_Order_HLAFs_Human_Knowledge_Design,Framing Order + HLAFs + Human Knowledge + Design Info,success,executed_this_invocation,138.217916,1,54,14,28496,15713,12928,44209,1_Door/1_Framing_Order_HLAFs_Human_Knowledge_Design/Run_014
82,14,1_Door,2_HLAFs_Design_Info_With_Sample,HLAFs + Design Info + Worked Sample,success,executed_this_invocation,98.543134,1,56,15,32429,13364,10496,45793,1_Door/2_HLAFs_Design_Info_With_Sample/Run_014
83,14,1_Door_1_Window,1_Framing_Order_HLAFs_Human_Knowledge_Design,Framing Order + HLAFs + Human Knowledge + Design Info,success,executed_this_invocation,155.506599,1,79,20,29050,18249,14208,47299,1_Door_1_Window/1_Framing_Order_HLAFs_Human_Knowledge_Design/Run_014
84,14,1_Door_1_Window,2_HLAFs_Design_Info_With_Sample,HLAFs + Design Info + Worked Sample,success,executed_this_invocation,84.3294,1,76,24,32983,10033,6272,43016,1_Door_1_Window/2_HLAFs_Design_Info_With_Sample/Run_014
85,15,No_Open,1_Framing_Order_HLAFs_Human_Knowledge_Design,Framing Order + HLAFs + Human Knowledge + Design Info,success,executed_this_invocation,78.530322,1,48,10,28310,6895,4544,35205,No_Open/1_Framing_Order_HLAFs_Human_Knowledge_Design/Run_015
86,15,No_Open,2_HLAFs_Design_Info_With_Sample,HLAFs + Design Info + Worked Sample,success,executed_this_invocation,71.795904,1,48,10,32243,6663,4288,38906,No_Open/2_HLAFs_Design_Info_With_Sample/Run_015
87,15,1_Door,1_Framing_Order_HLAFs_Human_Knowledge_Design,Framing Order + HLAFs + Human Knowledge + Design Info,success,executed_this_invocation,226.109573,1,53,14,28496,16047,13312,44543,1_Door/1_Framing_Order_HLAFs_Human_Knowledge_Design/Run_015
88,15,1_Door,2_HLAFs_Design_Info_With_Sample,HLAFs + Design Info + Worked Sample,success,executed_this_invocation,134.392631,1,56,17,32429,12167,9408,44596,1_Door/2_HLAFs_Design_Info_With_Sample/Run_015
89,15,1_Door_1_Window,1_Framing_Order_HLAFs_Human_Knowledge_Design,Framing Order + HLAFs + Human Knowledge + Design Info,success,executed_this_invocation,176.657732,1,74,22,29050,17380,13952,46430,1_Door_1_Window/1_Framing_Order_HLAFs_Human_Knowledge_Design/Run_015
90,15,1_Door_1_Window,2_HLAFs_Design_Info_With_Sample,HLAFs + Design Info + Worked Sample,success,executed_this_invocation,98.231607,1,76,24,32983,10533,6912,43516,1_Door_1_Window/2_HLAFs_Design_Info_With_Sample/Run_015
91,16,No_Open,1_Framing_Order_HLAFs_Human_Knowledge_Design,Framing Order + HLAFs + Human Knowledge + Design Info,success,executed_this_invocation,102.800378,1,48,10,28310,8941,6464,37251,No_Open/1_Framing_Order_HLAFs_Human_Knowledge_Design/Run_016
92,16,No_Open,2_HLAFs_Design_Info_With_Sample,HLAFs + Design Info + Worked Sample,success,executed_this_invocation,50.35966,1,48,10,32243,5779,3520,38022,No_Open/2_HLAFs_Design_Info_With_Sample/Run_016
93,16,1_Door,1_Framing_Order_HLAFs_Human_Knowledge_Design,Framing Order + HLAFs + Human Knowledge + Design Info,success,executed_this_invocation,153.277265,1,54,14,28496,13940,11200,42436,1_Door/1_Framing_Order_HLAFs_Human_Knowledge_Design/Run_016
94,16,1_Door,2_HLAFs_Design_Info_With_Sample,HLAFs + Design Info + Worked Sample,success,executed_this_invocation,102.746413,1,56,17,32429,10671,7936,43100,1_Door/2_HLAFs_Design_Info_With_Sample/Run_016
95,16,1_Door_1_Window,1_Framing_Order_HLAFs_Human_Knowledge_Design,Framing Order + HLAFs + Human Knowledge + Design Info,success,executed_this_invocation,509.503167,1,75,19,29050,26285,22528,55335,1_Door_1_Window/1_Framing_Order_HLAFs_Human_Knowledge_Design/Run_016
96,16,1_Door_1_Window,2_HLAFs_Design_Info_With_Sample,HLAFs + Design Info + Worked Sample,success,executed_this_invocation,117.705231,1,76,24,32983,15046,11392,48029,1_Door_1_Window/2_HLAFs_Design_Info_With_Sample/Run_016
97,17,No_Open,1_Framing_Order_HLAFs_Human_Knowledge_Design,Framing Order + HLAFs + Human Knowledge + Design Info,success,executed_this_invocation,117.973813,1,48,10,28310,11926,9472,40236,No_Open/1_Framing_Order_HLAFs_Human_Knowledge_Design/Run_017
98,17,No_Open,2_HLAFs_Design_Info_With_Sample,HLAFs + Design Info + Worked Sample,success,executed_this_invocation,71.567962,1,48,10,32243,8093,5632,40336,No_Open/2_HLAFs_Design_Info_With_Sample/Run_017
99,17,1_Door,1_Framing_Order_HLAFs_Human_Knowledge_Design,Framing Order + HLAFs + Human Knowledge + Design Info,success,executed_this_invocation,145.4757,1,56,14,28496,15825,12864,44321,1_Door/1_Framing_Order_HLAFs_Human_Knowledge_Design/Run_017
100,17,1_Door,2_HLAFs_Design_Info_With_Sample,HLAFs + Design Info + Worked Sample,success,executed_this_invocation,68.261442,1,56,17,32429,7535,4736,39964,1_Door/2_HLAFs_Design_Info_With_Sample/Run_017
101,17,1_Door_1_Window,1_Framing_Order_HLAFs_Human_Knowledge_Design,Framing Order + HLAFs + Human Knowledge + Design Info,success,executed_this_invocation,193.764969,1,76,16,29050,23789,19840,52839,1_Door_1_Window/1_Framing_Order_HLAFs_Human_Knowledge_Design/Run_017
102,17,1_Door_1_Window,2_HLAFs_Design_Info_With_Sample,HLAFs + Design Info + Worked Sample,success,executed_this_invocation,114.610455,1,76,24,32983,16813,12928,49796,1_Door_1_Window/2_HLAFs_Design_Info_With_Sample/Run_017
103,18,No_Open,1_Framing_Order_HLAFs_Human_Knowledge_Design,Framing Order + HLAFs + Human Knowledge + Design Info,success,executed_this_invocation,111.188668,1,49,9,28310,10350,7872,38660,No_Open/1_Framing_Order_HLAFs_Human_Knowledge_Design/Run_018
104,18,No_Open,2_HLAFs_Design_Info_With_Sample,HLAFs + Design Info + Worked Sample,success,executed_this_invocation,53.173427,1,48,10,32243,7056,4480,39299,No_Open/2_HLAFs_Design_Info_With_Sample/Run_018
105,18,1_Door,1_Framing_Order_HLAFs_Human_Knowledge_Design,Framing Order + HLAFs + Human Knowledge + Design Info,success,executed_this_invocation,165.291224,1,54,13,28496,15056,12096,43552,1_Door/1_Framing_Order_HLAFs_Human_Knowledge_Design/Run_018
106,18,1_Door,2_HLAFs_Design_Info_With_Sample,HLAFs + Design Info + Worked Sample,success,executed_this_invocation,134.535964,1,56,15,32429,14256,11456,46685,1_Door/2_HLAFs_Design_Info_With_Sample/Run_018
107,18,1_Door_1_Window,1_Framing_Order_HLAFs_Human_Knowledge_Design,Framing Order + HLAFs + Human Knowledge + Design Info,success,executed_this_invocation,163.815267,1,79,19,29050,14943,11072,43993,1_Door_1_Window/1_Framing_Order_HLAFs_Human_Knowledge_Design/Run_018
108,18,1_Door_1_Window,2_HLAFs_Design_Info_With_Sample,HLAFs + Design Info + Worked Sample,success,executed_this_invocation,148.575665,1,76,24,32983,12785,9216,45768,1_Door_1_Window/2_HLAFs_Design_Info_With_Sample/Run_018
109,19,No_Open,1_Framing_Order_HLAFs_Human_Knowledge_Design,Framing Order + HLAFs + Human Knowledge + Design Info,success,executed_this_invocation,140.029343,1,47,10,28310,13827,11328,42137,No_Open/1_Framing_Order_HLAFs_Human_Knowledge_Design/Run_019
110,19,No_Open,2_HLAFs_Design_Info_With_Sample,HLAFs + Design Info + Worked Sample,success,executed_this_invocation,75.192503,1,48,10,32243,9797,7296,42040,No_Open/2_HLAFs_Design_Info_With_Sample/Run_019
111,19,1_Door,1_Framing_Order_HLAFs_Human_Knowledge_Design,Framing Order + HLAFs + Human Knowledge + Design Info,success,executed_this_invocation,261.577591,1,36,18,28496,21195,19136,49691,1_Door/1_Framing_Order_HLAFs_Human_Knowledge_Design/Run_019
112,19,1_Door,2_HLAFs_Design_Info_With_Sample,HLAFs + Design Info + Worked Sample,success,executed_this_invocation,114.119887,1,56,17,32429,13612,10816,46041,1_Door/2_HLAFs_Design_Info_With_Sample/Run_019
113,19,1_Door_1_Window,1_Framing_Order_HLAFs_Human_Knowledge_Design,Framing Order + HLAFs + Human Knowledge + Design Info,success,executed_this_invocation,357.594848,2,8,4,58152,41517,37120,99669,1_Door_1_Window/1_Framing_Order_HLAFs_Human_Knowledge_Design/Run_019
114,19,1_Door_1_Window,2_HLAFs_Design_Info_With_Sample,HLAFs + Design Info + Worked Sample,success,executed_this_invocation,125.426616,1,76,24,32983,13816,9984,46799,1_Door_1_Window/2_HLAFs_Design_Info_With_Sample/Run_019
115,20,No_Open,1_Framing_Order_HLAFs_Human_Knowledge_Design,Framing Order + HLAFs + Human Knowledge + Design Info,success,executed_this_invocation,110.021388,1,48,10,28310,10351,7936,38661,No_Open/1_Framing_Order_HLAFs_Human_Knowledge_Design/Run_020
116,20,No_Open,2_HLAFs_Design_Info_With_Sample,HLAFs + Design Info + Worked Sample,success,executed_this_invocation,71.908393,1,48,10,32243,7465,4992,39708,No_Open/2_HLAFs_Design_Info_With_Sample/Run_020
117,20,1_Door,1_Framing_Order_HLAFs_Human_Knowledge_Design,Framing Order + HLAFs + Human Knowledge + Design Info,success,executed_this_invocation,250.340777,1,54,12,28496,18304,15488,46800,1_Door/1_Framing_Order_HLAFs_Human_Knowledge_Design/Run_020
118,20,1_Door,2_HLAFs_Design_Info_With_Sample,HLAFs + Design Info + Worked Sample,success,executed_this_invocation,124.964291,1,41,17,32429,9142,7104,41571,1_Door/2_HLAFs_Design_Info_With_Sample/Run_020
119,20,1_Door_1_Window,1_Framing_Order_HLAFs_Human_Knowledge_Design,Framing Order + HLAFs + Human Knowledge + Design Info,success,executed_this_invocation,554.272388,1,76,24,29050,29114,25344,58164,1_Door_1_Window/1_Framing_Order_HLAFs_Human_Knowledge_Design/Run_020
120,20,1_Door_1_Window,2_HLAFs_Design_Info_With_Sample,HLAFs + Design Info + Worked Sample,success,executed_this_invocation,131.863843,1,76,24,32983,16700,12992,49683,1_Door_1_Window/2_HLAFs_Design_Info_With_Sample/Run_020
121,21,No_Open,1_Framing_Order_HLAFs_Human_Knowledge_Design,Framing Order + HLAFs + Human Knowledge + Design Info,success,executed_this_invocation,114.62629,1,48,11,28310,9662,7168,37972,No_Open/1_Framing_Order_HLAFs_Human_Knowledge_Design/Run_021
122,21,No_Open,2_HLAFs_Design_Info_With_Sample,HLAFs + Design Info + Worked Sample,success,executed_this_invocation,63.332306,1,48,10,32243,6437,4096,38680,No_Open/2_HLAFs_Design_Info_With_Sample/Run_021
123,21,1_Door,1_Framing_Order_HLAFs_Human_Knowledge_Design,Framing Order + HLAFs + Human Knowledge + Design Info,success,executed_this_invocation,152.440811,1,57,19,28496,14885,11968,43381,1_Door/1_Framing_Order_HLAFs_Human_Knowledge_Design/Run_021
124,21,1_Door,2_HLAFs_Design_Info_With_Sample,HLAFs + Design Info + Worked Sample,success,executed_this_invocation,105.83027,1,56,17,32429,8638,6016,41067,1_Door/2_HLAFs_Design_Info_With_Sample/Run_021
125,21,1_Door_1_Window,1_Framing_Order_HLAFs_Human_Knowledge_Design,Framing Order + HLAFs + Human Knowledge + Design Info,success,executed_this_invocation,586.223507,1,72,16,29050,29053,25088,58103,1_Door_1_Window/1_Framing_Order_HLAFs_Human_Knowledge_Design/Run_021
126,21,1_Door_1_Window,2_HLAFs_Design_Info_With_Sample,HLAFs + Design Info + Worked Sample,success,executed_this_invocation,124.567309,1,76,24,32983,13200,9408,46183,1_Door_1_Window/2_HLAFs_Design_Info_With_Sample/Run_021
127,22,No_Open,1_Framing_Order_HLAFs_Human_Knowledge_Design,Framing Order + HLAFs + Human Knowledge + Design Info,success,executed_this_invocation,114.927592,1,48,10,28310,9513,7040,37823,No_Open/1_Framing_Order_HLAFs_Human_Knowledge_Design/Run_022
128,22,No_Open,2_HLAFs_Design_Info_With_Sample,HLAFs + Design Info + Worked Sample,success,executed_this_invocation,64.856872,1,48,10,32243,7708,5440,39951,No_Open/2_HLAFs_Design_Info_With_Sample/Run_022
129,22,1_Door,1_Framing_Order_HLAFs_Human_Knowledge_Design,Framing Order + HLAFs + Human Knowledge + Design Info,success,executed_this_invocation,164.612439,1,55,15,28496,14427,11584,42923,1_Door/1_Framing_Order_HLAFs_Human_Knowledge_Design/Run_022
130,22,1_Door,2_HLAFs_Design_Info_With_Sample,HLAFs + Design Info + Worked Sample,success,executed_this_invocation,111.649476,1,56,17,32429,10864,8000,43293,1_Door/2_HLAFs_Design_Info_With_Sample/Run_022
131,22,1_Door_1_Window,1_Framing_Order_HLAFs_Human_Knowledge_Design,Framing Order + HLAFs + Human Knowledge + Design Info,success,executed_this_invocation,167.180799,1,74,19,29050,15360,11584,44410,1_Door_1_Window/1_Framing_Order_HLAFs_Human_Knowledge_Design/Run_022
132,22,1_Door_1_Window,2_HLAFs_Design_Info_With_Sample,HLAFs + Design Info + Worked Sample,success,executed_this_invocation,121.730071,1,76,24,32983,13511,9856,46494,1_Door_1_Window/2_HLAFs_Design_Info_With_Sample/Run_022
133,23,No_Open,1_Framing_Order_HLAFs_Human_Knowledge_Design,Framing Order + HLAFs + Human Knowledge + Design Info,success,executed_this_invocation,102.287043,1,48,10,28310,9761,7232,38071,No_Open/1_Framing_Order_HLAFs_Human_Knowledge_Design/Run_023
134,23,No_Open,2_HLAFs_Design_Info_With_Sample,HLAFs + Design Info + Worked Sample,success,executed_this_invocation,65.221472,1,48,10,32243,7182,4800,39425,No_Open/2_HLAFs_Design_Info_With_Sample/Run_023
135,23,1_Door,1_Framing_Order_HLAFs_Human_Knowledge_Design,Framing Order + HLAFs + Human Knowledge + Design Info,success,executed_this_invocation,161.933544,1,56,14,28496,13874,10816,42370,1_Door/1_Framing_Order_HLAFs_Human_Knowledge_Design/Run_023
136,23,1_Door,2_HLAFs_Design_Info_With_Sample,HLAFs + Design Info + Worked Sample,success,executed_this_invocation,134.584828,1,56,17,32429,11760,8960,44189,1_Door/2_HLAFs_Design_Info_With_Sample/Run_023
137,23,1_Door_1_Window,1_Framing_Order_HLAFs_Human_Knowledge_Design,Framing Order + HLAFs + Human Knowledge + Design Info,success,executed_this_invocation,170.758726,1,71,19,29050,15013,11136,44063,1_Door_1_Window/1_Framing_Order_HLAFs_Human_Knowledge_Design/Run_023
138,23,1_Door_1_Window,2_HLAFs_Design_Info_With_Sample,HLAFs + Design Info + Worked Sample,success,executed_this_invocation,127.652631,1,76,24,32983,11348,7680,44331,1_Door_1_Window/2_HLAFs_Design_Info_With_Sample/Run_023
139,24,No_Open,1_Framing_Order_HLAFs_Human_Knowledge_Design,Framing Order + HLAFs + Human Knowledge + Design Info,success,executed_this_invocation,96.932417,1,48,8,28310,8076,5568,36386,No_Open/1_Framing_Order_HLAFs_Human_Knowledge_Design/Run_024
140,24,No_Open,2_HLAFs_Design_Info_With_Sample,HLAFs + Design Info + Worked Sample,success,executed_this_invocation,61.977315,1,48,8,32243,9199,6784,41442,No_Open/2_HLAFs_Design_Info_With_Sample/Run_024
141,24,1_Door,1_Framing_Order_HLAFs_Human_Knowledge_Design,Framing Order + HLAFs + Human Knowledge + Design Info,success,executed_this_invocation,152.57693,1,54,14,28496,17769,14912,46265,1_Door/1_Framing_Order_HLAFs_Human_Knowledge_Design/Run_024
142,24,1_Door,2_HLAFs_Design_Info_With_Sample,HLAFs + Design Info + Worked Sample,success,executed_this_invocation,85.513893,1,56,17,32429,8822,6016,41251,1_Door/2_HLAFs_Design_Info_With_Sample/Run_024
143,24,1_Door_1_Window,1_Framing_Order_HLAFs_Human_Knowledge_Design,Framing Order + HLAFs + Human Knowledge + Design Info,success,executed_this_invocation,126.073821,1,71,17,29050,17271,13696,46321,1_Door_1_Window/1_Framing_Order_HLAFs_Human_Knowledge_Design/Run_024
144,24,1_Door_1_Window,2_HLAFs_Design_Info_With_Sample,HLAFs + Design Info + Worked Sample,success,executed_this_invocation,161.416159,1,76,24,32983,19336,15616,52319,1_Door_1_Window/2_HLAFs_Design_Info_With_Sample/Run_024
145,25,No_Open,1_Framing_Order_HLAFs_Human_Knowledge_Design,Framing Order + HLAFs + Human Knowledge + Design Info,success,executed_this_invocation,84.572529,1,48,10,28310,8963,6400,37273,No_Open/1_Framing_Order_HLAFs_Human_Knowledge_Design/Run_025
146,25,No_Open,2_HLAFs_Design_Info_With_Sample,HLAFs + Design Info + Worked Sample,success,executed_this_invocation,71.636926,1,48,8,32243,8441,6080,40684,No_Open/2_HLAFs_Design_Info_With_Sample/Run_025
147,25,1_Door,1_Framing_Order_HLAFs_Human_Knowledge_Design,Framing Order + HLAFs + Human Knowledge + Design Info,success,executed_this_invocation,201.864265,1,54,14,28496,13098,10368,41594,1_Door/1_Framing_Order_HLAFs_Human_Knowledge_Design/Run_025
148,25,1_Door,2_HLAFs_Design_Info_With_Sample,HLAFs + Design Info + Worked Sample,success,executed_this_invocation,112.779786,1,56,17,32429,12860,10112,45289,1_Door/2_HLAFs_Design_Info_With_Sample/Run_025
149,25,1_Door_1_Window,1_Framing_Order_HLAFs_Human_Knowledge_Design,Framing Order + HLAFs + Human Knowledge + Design Info,success,executed_this_invocation,197.471939,1,73,22,29050,18873,15296,47923,1_Door_1_Window/1_Framing_Order_HLAFs_Human_Knowledge_Design/Run_025
150,25,1_Door_1_Window,2_HLAFs_Design_Info_With_Sample,HLAFs + Design Info + Worked Sample,success,executed_this_invocation,144.164596,1,76,24,32983,14536,10752,47519,1_Door_1_Window/2_HLAFs_Design_Info_With_Sample/Run_025
151,26,No_Open,1_Framing_Order_HLAFs_Human_Knowledge_Design,Framing Order + HLAFs + Human Knowledge + Design Info,success,executed_this_invocation,114.987803,1,49,10,28310,11233,8640,39543,No_Open/1_Framing_Order_HLAFs_Human_Knowledge_Design/Run_026
152,26,No_Open,2_HLAFs_Design_Info_With_Sample,HLAFs + Design Info + Worked Sample,success,executed_this_invocation,61.368811,1,48,10,32243,7458,4864,39701,No_Open/2_HLAFs_Design_Info_With_Sample/Run_026
153,26,1_Door,1_Framing_Order_HLAFs_Human_Knowledge_Design,Framing Order + HLAFs + Human Knowledge + Design Info,success,executed_this_invocation,157.461642,1,56,17,28496,13096,10240,41592,1_Door/1_Framing_Order_HLAFs_Human_Knowledge_Design/Run_026
154,26,1_Door,2_HLAFs_Design_Info_With_Sample,HLAFs + Design Info + Worked Sample,success,executed_this_invocation,115.717886,1,56,17,32429,9121,6272,41550,1_Door/2_HLAFs_Design_Info_With_Sample/Run_026
155,26,1_Door_1_Window,1_Framing_Order_HLAFs_Human_Knowledge_Design,Framing Order + HLAFs + Human Knowledge + Design Info,success,executed_this_invocation,467.502323,2,74,18,58159,51292,43776,109451,1_Door_1_Window/1_Framing_Order_HLAFs_Human_Knowledge_Design/Run_026
156,26,1_Door_1_Window,2_HLAFs_Design_Info_With_Sample,HLAFs + Design Info + Worked Sample,success,executed_this_invocation,117.704977,1,76,24,32983,12325,8704,45308,1_Door_1_Window/2_HLAFs_Design_Info_With_Sample/Run_026
157,27,No_Open,1_Framing_Order_HLAFs_Human_Knowledge_Design,Framing Order + HLAFs + Human Knowledge + Design Info,success,executed_this_invocation,101.58869,1,48,7,28310,9437,7104,37747,No_Open/1_Framing_Order_HLAFs_Human_Knowledge_Design/Run_027
158,27,No_Open,2_HLAFs_Design_Info_With_Sample,HLAFs + Design Info + Worked Sample,success,executed_this_invocation,53.99227,1,48,10,32243,6028,3712,38271,No_Open/2_HLAFs_Design_Info_With_Sample/Run_027
159,27,1_Door,1_Framing_Order_HLAFs_Human_Knowledge_Design,Framing Order + HLAFs + Human Knowledge + Design Info,success,executed_this_invocation,161.518274,1,54,14,28496,14834,12160,43330,1_Door/1_Framing_Order_HLAFs_Human_Knowledge_Design/Run_027
160,27,1_Door,2_HLAFs_Design_Info_With_Sample,HLAFs + Design Info + Worked Sample,success,executed_this_invocation,122.301153,1,56,17,32429,11748,8832,44177,1_Door/2_HLAFs_Design_Info_With_Sample/Run_027
161,27,1_Door_1_Window,1_Framing_Order_HLAFs_Human_Knowledge_Design,Framing Order + HLAFs + Human Knowledge + Design Info,success,executed_this_invocation,210.92735,1,73,19,29050,21261,17536,50311,1_Door_1_Window/1_Framing_Order_HLAFs_Human_Knowledge_Design/Run_027
162,27,1_Door_1_Window,2_HLAFs_Design_Info_With_Sample,HLAFs + Design Info + Worked Sample,success,executed_this_invocation,121.692524,1,76,24,32983,11861,8000,44844,1_Door_1_Window/2_HLAFs_Design_Info_With_Sample/Run_027
163,28,No_Open,1_Framing_Order_HLAFs_Human_Knowledge_Design,Framing Order + HLAFs + Human Knowledge + Design Info,success,executed_this_invocation,226.71788,2,48,8,56679,27928,23104,84607,No_Open/1_Framing_Order_HLAFs_Human_Knowledge_Design/Run_028
164,28,No_Open,2_HLAFs_Design_Info_With_Sample,HLAFs + Design Info + Worked Sample,success,executed_this_invocation,50.206667,1,48,10,32243,7913,5376,40156,No_Open/2_HLAFs_Design_Info_With_Sample/Run_028
165,28,1_Door,1_Framing_Order_HLAFs_Human_Knowledge_Design,Framing Order + HLAFs + Human Knowledge + Design Info,success,executed_this_invocation,162.00604,1,54,15,28496,18888,16064,47384,1_Door/1_Framing_Order_HLAFs_Human_Knowledge_Design/Run_028
166,28,1_Door,2_HLAFs_Design_Info_With_Sample,HLAFs + Design Info + Worked Sample,success,executed_this_invocation,165.07497,1,56,17,32429,12243,9472,44672,1_Door/2_HLAFs_Design_Info_With_Sample/Run_028
167,28,1_Door_1_Window,1_Framing_Order_HLAFs_Human_Knowledge_Design,Framing Order + HLAFs + Human Knowledge + Design Info,success,executed_this_invocation,167.217304,1,65,18,29050,18343,14976,47393,1_Door_1_Window/1_Framing_Order_HLAFs_Human_Knowledge_Design/Run_028
168,28,1_Door_1_Window,2_HLAFs_Design_Info_With_Sample,HLAFs + Design Info + Worked Sample,success,executed_this_invocation,90.253009,1,76,24,32983,12265,8384,45248,1_Door_1_Window/2_HLAFs_Design_Info_With_Sample/Run_028
169,29,No_Open,1_Framing_Order_HLAFs_Human_Knowledge_Design,Framing Order + HLAFs + Human Knowledge + Design Info,success,executed_this_invocation,99.529903,1,48,8,28310,13404,11008,41714,No_Open/1_Framing_Order_HLAFs_Human_Knowledge_Design/Run_029
170,29,No_Open,2_HLAFs_Design_Info_With_Sample,HLAFs + Design Info + Worked Sample,success,executed_this_invocation,62.407925,1,48,10,32243,6389,4160,38632,No_Open/2_HLAFs_Design_Info_With_Sample/Run_029
171,29,1_Door,1_Framing_Order_HLAFs_Human_Knowledge_Design,Framing Order + HLAFs + Human Knowledge + Design Info,success,executed_this_invocation,140.83449,1,56,15,28496,12412,9600,40908,1_Door/1_Framing_Order_HLAFs_Human_Knowledge_Design/Run_029
172,29,1_Door,2_HLAFs_Design_Info_With_Sample,HLAFs + Design Info + Worked Sample,success,executed_this_invocation,87.412341,1,56,17,32429,11063,8192,43492,1_Door/2_HLAFs_Design_Info_With_Sample/Run_029
173,29,1_Door_1_Window,1_Framing_Order_HLAFs_Human_Knowledge_Design,Framing Order + HLAFs + Human Knowledge + Design Info,success,executed_this_invocation,277.827156,1,77,24,29050,23133,19328,52183,1_Door_1_Window/1_Framing_Order_HLAFs_Human_Knowledge_Design/Run_029
174,29,1_Door_1_Window,2_HLAFs_Design_Info_With_Sample,HLAFs + Design Info + Worked Sample,success,executed_this_invocation,154.366409,1,76,24,32983,15985,12160,48968,1_Door_1_Window/2_HLAFs_Design_Info_With_Sample/Run_029
175,30,No_Open,1_Framing_Order_HLAFs_Human_Knowledge_Design,Framing Order + HLAFs + Human Knowledge + Design Info,success,executed_this_invocation,124.7061,1,48,9,28310,11416,8896,39726,No_Open/1_Framing_Order_HLAFs_Human_Knowledge_Design/Run_030
176,30,No_Open,2_HLAFs_Design_Info_With_Sample,HLAFs + Design Info + Worked Sample,success,executed_this_invocation,115.84013,1,48,10,32243,7424,5056,39667,No_Open/2_HLAFs_Design_Info_With_Sample/Run_030
177,30,1_Door,1_Framing_Order_HLAFs_Human_Knowledge_Design,Framing Order + HLAFs + Human Knowledge + Design Info,success,executed_this_invocation,153.690618,1,54,13,28496,14029,11072,42525,1_Door/1_Framing_Order_HLAFs_Human_Knowledge_Design/Run_030
178,30,1_Door,2_HLAFs_Design_Info_With_Sample,HLAFs + Design Info + Worked Sample,success,executed_this_invocation,114.586847,1,56,17,32429,10866,7936,43295,1_Door/2_HLAFs_Design_Info_With_Sample/Run_030
179,30,1_Door_1_Window,1_Framing_Order_HLAFs_Human_Knowledge_Design,Framing Order + HLAFs + Human Knowledge + Design Info,success,executed_this_invocation,195.604033,1,74,17,29050,19461,15680,48511,1_Door_1_Window/1_Framing_Order_HLAFs_Human_Knowledge_Design/Run_030
180,30,1_Door_1_Window,2_HLAFs_Design_Info_With_Sample,HLAFs + Design Info + Worked Sample,success,executed_this_invocation,95.873208,1,76,24,32983,9674,6080,42657,1_Door_1_Window/2_HLAFs_Design_Info_With_Sample/Run_030
